{"cameraMode":{"drawMode":0,"name":"Shaded","section":"Shading Mode"},"sceneLighting":true,"audioPlay":false,"sceneViewState":{"showFog":true,"showMaterialUpdate":false,"showSkybox":false,"showFlares":true,"showImageEffects":true,"showParticleSystems":true},"in2DMode":false,"pivot":{"x":3369.844482421875,"y":928.3331298828125,"z":448.903076171875},"rotation":{"x":0.12939681112766267,"y":0.8393584489822388,"z":-0.2269633561372757,"w":0.4768233299255371},"size":1104.48193359375,"orthographic":false}