{"cameraMode":{"drawMode":0,"name":"Shaded","section":"Shading Mode"},"sceneLighting":false,"audioPlay":false,"sceneViewState":{"showFog":true,"showMaterialUpdate":false,"showSkybox":false,"showFlares":true,"showImageEffects":true,"showParticleSystems":true},"in2DMode":false,"pivot":{"x":-0.0026870928704738619,"y":0.020772188901901246,"z":0.0006532520055770874},"rotation":{"x":-0.05399938300251961,"y":0.9042862057685852,"z":-0.4058825671672821,"w":-0.12185041606426239},"size":0.49758976697921755,"orthographic":false}