{"cameraMode":{"drawMode":0,"name":"Shaded","section":"Shading Mode"},"sceneLighting":false,"audioPlay":false,"sceneViewState":{"showFog":true,"showMaterialUpdate":false,"showSkybox":false,"showFlares":true,"showImageEffects":true,"showParticleSystems":true},"in2DMode":false,"pivot":{"x":0.3374573588371277,"y":0.5209572315216065,"z":1.1522462368011475},"rotation":{"x":0.10797151178121567,"y":0.051497600972652438,"z":-0.005314495414495468,"w":0.9928889870643616},"size":0.501110315322876,"orthographic":false}