{"cameraMode":{"drawMode":0,"name":"Shaded","section":"Shading Mode"},"sceneLighting":false,"audioPlay":false,"sceneViewState":{"showFog":true,"showMaterialUpdate":false,"showSkybox":false,"showFlares":true,"showImageEffects":true,"showParticleSystems":true},"in2DMode":false,"pivot":{"x":1.3307347297668458,"y":0.23449504375457765,"z":0.4117370545864105},"rotation":{"x":-0.10521329939365387,"y":0.7920880317687988,"z":-0.14341259002685548,"w":-0.5840339064598084},"size":0.000017320508050033823,"orthographic":false}