{"cameraMode":{"drawMode":0,"name":"Shaded","section":"Shading Mode"},"sceneLighting":false,"audioPlay":false,"sceneViewState":{"showFog":true,"showMaterialUpdate":false,"showSkybox":false,"showFlares":true,"showImageEffects":true,"showParticleSystems":true},"in2DMode":false,"pivot":{"x":-1.3530170917510987,"y":3.4492135047912599,"z":-1.8915653228759766},"rotation":{"x":0.20452481508255006,"y":0.6226259469985962,"z":-0.17174801230430604,"w":0.7357586622238159},"size":1.5000174045562745,"orthographic":false}