{"cameraMode":{"drawMode":0,"name":"Shaded","section":"Shading Mode"},"sceneLighting":false,"audioPlay":false,"sceneViewState":{"showFog":true,"showMaterialUpdate":false,"showSkybox":false,"showFlares":true,"showImageEffects":true,"showParticleSystems":true},"in2DMode":false,"pivot":{"x":0.7172365188598633,"y":5.315366744995117,"z":3.4593896865844728},"rotation":{"x":-0.25737491250038149,"y":0.5935706496238709,"z":-0.20883314311504365,"w":-0.7334549427032471},"size":4.0158843994140629,"orthographic":false}